Solution_ID,Text
2,"Centrale froid, Froid, Utilités"
3,"Centrale froid, Froid, Utilités"
4,"Ajustement production/besoin, Froid, Utilités"
5,"Régulation, Froid, Utilités"
6,"Condenseur, Froid, Utilités"
7,"Condenseur, Froid, Utilités"
8,"Centrale froid, Froid, Utilités"
9,"Gestion et pilotage, Froid, Utilités"
10,"Evaporateur, Froid, Utilités"
11,"Chambre froide, Froid, Utilités"
12,"Gestion et pilotage, Froid, Utilités"
13,"Meuble frigorifique, Froid, Utilités"
14,"Meuble frigorifique, Froid, Utilités"
15,"Meuble frigorifique, Froid, Utilités"
16,"Meuble frigorifique, Froid, Utilités"
17,"Stockage, Froid, Utilités"
18,"Climatisation, CVC, Bâtiment"
19,"Condenseur, Froid, Utilités"
20,"Climatisation, CVC, Bâtiment"
21,"Maintenance, Froid, Utilités"
22,"Chambre froide, Froid, Utilités"
23,"Réseau, Froid, Utilités"
24,"Maintenance, Froid, Utilités"
25,"Evaporateur, Froid, Utilités"
26,"Evaporateur, Froid, Utilités"
27,"Maintenance, Froid, Utilités"
28,"Condenseur, Froid, Utilités"
29,"Condenseur, Froid, Utilités"
30,"Condenseur, Froid, Utilités"
31,"Maintenance, Froid, Utilités"
32,"Maintenance, Froid, Utilités"
33,"Chambre froide, Froid, Utilités"
34,"Régulation, Froid, Utilités"
35,"Régulation, Froid, Utilités"
36,"Climatisation, CVC, Bâtiment"
39,"Régulation, Froid, Utilités"
40,"Evaporateur, Froid, Utilités"
41,"Condenseur, Froid, Utilités"
42,"Régulation, Froid, Utilités"
43,"Gestion et pilotage, Procédés"
44,"Meuble frigorifique, Froid, Utilités"
45,"Récupération de chaleur, Froid, Utilités"
46,"Récupération de chaleur, Froid, Utilités"
47,"Récupération de chaleur, Froid, Utilités"
48,"Machines frigorifiques, Utilités"
49,"Détendeur, Froid, Utilités"
50,"Moteur, Moteur, Utilités"
51,"Ajustement production/besoin, Moteur, Utilités"
54,"Moteur, Moteur, Utilités"
55,"Transmission, Moteur, Utilités"
56,"Régulation, Moteur, Utilités"
57,"Moteur, Moteur, Utilités"
58,"Maintenance, Moteur, Utilités"
59,"Maintenance, Moteur, Utilités"
60,"Transmission, Moteur, Utilités"
61,"Maintenance, Moteur, Utilités"
62,"Transmission, Moteur, Utilités"
63,"Régulation, Pompe, Utilités"
64,"Pompe de surpression, Pompe, Utilités"
65,"Régulation, Pompe, Utilités"
66,"Mesure et comptage d’énergie, Management (ISO 50 001)"
67,"Ajustement production/besoin, Pompe, Utilités"
68,"Réseau, Pompe, Utilités"
69,"Réseau, Pompe, Utilités"
70,"Pompe, Pompe, Utilités"
71,"Réseau, Pompe, Utilités"
72,"Maintenance, Pompe, Utilités"
73,"Pompe, Pompe, Utilités"
74,"Pompe, Pompe, Utilités"
75,"Ajustement production/besoin, Pompe, Utilités"
76,"Réseau, Pompe, Utilités"
77,"Réseau, Pompe, Utilités"
78,"Valorisation, Méthanisation / Biogaz, Nouvelles énergies"
79,"Régulation, Ventilation, Utilités"
80,"Gestion et pilotage, Ventilation, Utilités"
81,"Gestion et pilotage, Ventilation, Utilités"
82,"Réseau, Ventilation, Utilités"
83,"Ventilateur, Ventilation, Utilités"
84,"Ventilateur, Ventilation, Utilités"
85,"Ventilateur, Ventilation, Utilités"
86,"Gestion et pilotage, Ventilation, Utilités"
87,"Réseau, Ventilation, Utilités"
88,"Gestion et pilotage, Ventilation, Utilités"
89,"Maintenance, Ventilation, Utilités"
90,"Maintenance, Ventilation, Utilités"
91,"Réseau, Ventilation, Utilités"
92,"Ventilateur, Ventilation, Utilités"
93,"Ajustement production/besoin, Ventilation, Utilités"
94,"Ajustement production/besoin, Ventilation, Utilités"
95,"Récupération de chaleur, Ventilation, Utilités"
97,"Isolation, Enveloppe, Bâtiment"
99,"Etanchéité et infiltrations, Enveloppe, Bâtiment"
100,"Etanchéité et infiltrations, Enveloppe, Bâtiment"
102,"Climatisation, CVC, Bâtiment"
103,"Climatisation, CVC, Bâtiment"
104,"Récupération de chaleur, Vapeur, Utilités"
105,"Chauffage, CVC, Bâtiment"
108,"Chauffage, CVC, Bâtiment"
109,"Climatisation, CVC, Bâtiment"
110,"Climatisation, CVC, Bâtiment"
111,"Condenseur, Froid, Utilités"
113,"Condensateur, Distribution électrique, Utilités"
114,"Filtre, Distribution électrique, Utilités"
115,"Réseau, Distribution électrique, Utilités"
116,"Réseau, Distribution électrique, Utilités"
117,"Réseau, Distribution électrique, Utilités"
118,"Gestion et pilotage, Distribution électrique, Utilités"
120,"Transformateur, Distribution électrique, Utilités"
121,"Transformateur, Distribution électrique, Utilités"
122,"Transformateur, Distribution électrique, Utilités"
123,"Armoire électrique, Distribution électrique, Utilités"
124,"Transformateur, Distribution électrique, Utilités"
125,"Transformateur, Distribution électrique, Utilités"
126,"Ajustement production/besoin, Distribution électrique, Utilités"
127,"Maintenance, Distribution électrique, Utilités"
128,"Armoire électrique, Distribution électrique, Utilités"
129,"Onduleur, Distribution électrique, Utilités"
130,"Gestion et pilotage, Distribution électrique, Utilités"
131,"Maintenance, Distribution électrique, Utilités"
132,"Maintenance, Distribution électrique, Utilités"
133,"Armoire électrique, Distribution électrique, Utilités"
134,"Ajustement production/besoin, Distribution électrique, Utilités"
135,"Transformateur, Distribution électrique, Utilités"
136,"Régulation, Distribution électrique, Utilités"
137,"Transformateur, Distribution électrique, Utilités"
138,"Transformateur, Distribution électrique, Utilités"
139,"Gestion et pilotage, Distribution électrique, Utilités"
140,"Ajustement production/besoin, Distribution électrique, Utilités"
141,"Onduleur, Distribution électrique, Utilités"
142,"Stockage, Distribution électrique, Utilités"
143,"Réseau, Air comprimé, Utilités"
144,"Réseau, Air comprimé, Utilités"
145,"Gestion et pilotage, Air comprimé, Utilités"
146,"Régulation, Air comprimé, Utilités"
147,"Traitement de l'air, Air comprimé, Utilités"
148,"Régulation, Air comprimé, Utilités"
149,"Régulation, Air comprimé, Utilités"
150,"Stockage, Air comprimé, Utilités"
151,"Stockage, Air comprimé, Utilités"
152,"Gestion et pilotage, Air comprimé, Utilités"
153,"Ajustement production/besoin, Air comprimé, Utilités"
154,"Compresseur, Air comprimé, Utilités"
155,"Régulation, Air comprimé, Utilités"
156,"Soufflette, Air comprimé, Utilités"
157,"Soufflette, Air comprimé, Utilités"
158,"Soufflette, Air comprimé, Utilités"
159,"Soufflette, Air comprimé, Utilités"
160,"Réseau, Air comprimé, Utilités"
161,"Maintenance, Air comprimé, Utilités"
162,"Filtre, Air comprimé, Utilités"
163,"Réseau, Air comprimé, Utilités"
164,"Purgeurs et condensats, Air comprimé, Utilités"
165,"Purgeurs et condensats, Air comprimé, Utilités"
167,"Maintenance, Air comprimé, Utilités"
168,"Filtre, Air comprimé, Utilités"
169,"Filtre, Air comprimé, Utilités"
170,"Régulation, Air comprimé, Utilités"
171,"Compresseur, Air comprimé, Utilités"
172,"Traitement de l'air, Air comprimé, Utilités"
174,"Traitement de l'air, Air comprimé, Utilités"
176,"Récupération de chaleur, Air comprimé, Utilités"
178,"Récupération de chaleur, Air comprimé, Utilités"
179,"Réseau, Vapeur, Utilités"
180,"Réseau, Vapeur, Utilités"
181,"Vanne, Vapeur, Utilités"
182,"Réseau, Vapeur, Utilités"
183,"Réseau, Vapeur, Utilités"
184,"Gestion et pilotage, Vapeur, Utilités"
185,"Gestion et pilotage, Vapeur, Utilités"
186,"Condensat, Vapeur, Utilités"
187,"Régulation, Chaudière, Utilités"
188,"Fumées, Chaudière, Utilités"
189,"Régulation, Chaudière, Utilités"
191,"Purgeur, Vapeur, Utilités"
192,"Purgeur, Vapeur, Utilités"
193,"Purgeur, Vapeur, Utilités"
194,"Réseau, Vapeur, Utilités"
196,"Réseau, Vapeur, Utilités"
197,"Condensat, Vapeur, Utilités"
198,"Réseau, Vapeur, Utilités"
199,"Condensat, Vapeur, Utilités"
200,"Echangeur thermique, Vapeur, Utilités"
201,"Maintenance, Chaudière, Utilités"
202,"Gestion et pilotage, Vapeur, Utilités"
203,"Gestion et pilotage, Vapeur, Utilités"
204,"Régulation, Vapeur, Utilités"
205,"Maintenance, Chaudière, Utilités"
206,"Chaudière, Chaudière, Utilités"
207,"Régulation, Chaudière, Utilités"
208,"Traitement de l'eau, Chaudière, Utilités"
209,"Désaérateur, Vapeur, Utilités"
210,"Récupération de chaleur, Ventilation, Utilités"
211,"Condensat, Vapeur, Utilités"
212,"Récupération de chaleur, Vapeur, Utilités"
213,"Récupération de chaleur, Vapeur, Utilités"
214,"Récupération de chaleur, Chaudière, Utilités"
215,"Récupération de chaleur, Vapeur, Utilités"
216,"Récupération de chaleur, Vapeur, Utilités"
217,"Récupération de chaleur, Vapeur, Utilités"
218,"Récupération de chaleur, Vapeur, Utilités"
219,"Réseau, Vapeur, Utilités"
221,"Gestion et pilotage, Eclairage, Bâtiment"
222,"Régulation, Eclairage, Bâtiment"
223,"Luminaire, Eclairage, Bâtiment"
225,"Luminaire, Eclairage, Bâtiment"
226,"Luminaire, Eclairage, Bâtiment"
227,"Luminaire, Eclairage, Bâtiment"
228,"Régulation, Eclairage, Bâtiment"
229,"Gestion et pilotage, Eclairage, Bâtiment"
230,"Régulation, Eclairage, Bâtiment"
231,"Régulation, Eclairage, Bâtiment"
232,"Maintenance, Eclairage, Bâtiment"
233,"Maintenance, Eclairage, Bâtiment"
234,"Maintenance, Eclairage, Bâtiment"
235,"Régulation, Eclairage, Bâtiment"
236,"Eclairage naturel, Eclairage, Bâtiment"
239,"Gestion et pilotage, Eclairage, Bâtiment"
240,"Cogénération grande taille, Cogénération"
241,"Contrat, Gestion des énergies, Management (ISO 50 001)"
242,"Contrat, Gestion des énergies, Management (ISO 50 001)"
243,"Régulation, Moteur, Utilités"
245,"Indicateurs et tableau de bord, Mesure et comptage d’énergie, Management (ISO 50 001)"
246,"Récupération de chaleur, Chaudière, Utilités"
248,"Brûleur, Chaudière, Utilités"
249,"Moteur, Moteur, Utilités"
250,"Isolation, Enveloppe, Bâtiment"
251,"Isolation, Enveloppe, Bâtiment"
252,"Isolation, Enveloppe, Bâtiment"
253,"Isolation, Enveloppe, Bâtiment"
254,"Isolation, Enveloppe, Bâtiment"
255,"Isolation, Enveloppe, Bâtiment"
256,"Chauffage, CVC, Bâtiment"
257,"Gestion et pilotage, Vapeur, Utilités"
258,"Gestion et pilotage, Air comprimé, Utilités"
259,"Gestion et pilotage, Froid, Utilités"
260,"Climatisation, CVC, Bâtiment"
261,"Vitrage, Enveloppe, Bâtiment"
262,"Etanchéité et infiltrations, Enveloppe, Bâtiment"
263,"Etanchéité et infiltrations, Enveloppe, Bâtiment"
264,"Ventilation, CVC, Bâtiment"
265,"Chauffage, CVC, Bâtiment"
266,"Chauffage, CVC, Bâtiment"
267,"Etanchéité et infiltrations, Enveloppe, Bâtiment"
268,"Chauffage, CVC, Bâtiment"
269,"Isolation, Enveloppe, Bâtiment"
270,"Vitrage, Enveloppe, Bâtiment"
271,"Chauffage, CVC, Bâtiment"
272,"Maintenance, Chaudière, Utilités"
273,"Maintenance, Chaudière, Utilités"
274,"Chaudière, Chaudière, Utilités"
275,"Gestion et pilotage, Vapeur, Utilités"
276,"Chaudière, Chaudière, Utilités"
277,"Chauffage, CVC, Bâtiment"
279,"Chauffage, CVC, Bâtiment"
280,"Chauffage, CVC, Bâtiment"
282,"Gestion et pilotage, Bâtiment"
283,"Chauffage, CVC, Bâtiment"
285,"Chauffage, CVC, Bâtiment"
286,"Chauffage, CVC, Bâtiment"
287,"Chauffage, CVC, Bâtiment"
290,"Chauffage, CVC, Bâtiment"
291,"Chauffage, CVC, Bâtiment"
292,"Chauffage, CVC, Bâtiment"
293,"Chauffage, CVC, Bâtiment"
294,"Chauffage, CVC, Bâtiment"
295,"Chauffage, CVC, Bâtiment"
296,"Chaudière, Chaudière, Utilités"
297,"Régulation, Chaudière, Utilités"
298,"Chauffage, CVC, Bâtiment"
299,"Maintenance, Chaudière, Utilités"
300,"Maintenance, Chaudière, Utilités"
301,"Maintenance, Chaudière, Utilités"
302,"Maintenance, Chaudière, Utilités"
304,"Gestion et pilotage, Chaudière, Utilités"
305,"Gestion et pilotage, Chaudière, Utilités"
306,"Gestion et pilotage, Chaudière, Utilités"
307,"Traitement de l'eau, Chaudière, Utilités"
308,"Régulation, Chaudière, Utilités"
309,"Maintenance, Chaudière, Utilités"
310,"Maintenance, Chaudière, Utilités"
311,"Maintenance, Chaudière, Utilités"
312,"Gestion et pilotage, Chaudière, Utilités"
314,"Production, Eau Chaude Sanitaire, Eau"
315,"Maintenance, Chaudière, Utilités"
316,"Maintenance, Chaudière, Utilités"
317,"Réseau, Pompe, Utilités"
319,"Régulation, Chaudière, Utilités"
320,"Chaudière, Chaudière, Utilités"
321,"Récupération de chaleur, Chaudière, Utilités"
322,"Fumées, Chaudière, Utilités"
323,"Production, Eau Chaude Sanitaire, Eau"
324,"Maintenance, Chaudière, Utilités"
325,"Air de combustion, Chaudière, Utilités"
327,"Gestion et pilotage, Chaudière, Utilités"
328,"Ajustement production/besoin, Moteur, Utilités"
329,"Gestion et pilotage, Eclairage, Bâtiment"
330,"Maintenance, Chaudière, Utilités"
331,"Moteur, Moteur, Utilités"
332,"Gestion et pilotage, Air comprimé, Utilités"
333,"Maintenance, Organisation, Management (ISO 50 001)"
334,"Gestion et pilotage, Eclairage, Bâtiment"
335,"Luminaire, Eclairage, Bâtiment"
336,"Air de combustion, Chaudière, Utilités"
337,"Maintenance, Organisation, Management (ISO 50 001)"
338,"Maintenance, Organisation, Management (ISO 50 001)"
339,"Vanne, Vapeur, Utilités"
340,"Maintenance, Moteur, Utilités"
341,"Réseau, Eau de procédés, Eau"
342,"Sensibilisation, Organisation, Management (ISO 50 001)"
343,"Maintenance, Chaudière, Utilités"
344,"Régulation, Moteur, Utilités"
345,"Condensateur, Distribution électrique, Utilités"
346,"Régulation, Moteur, Utilités"
347,"Fumées, Chaudière, Utilités"
348,"Chaudière, Chaudière, Utilités"
349,"Récupération de chaleur, Chaudière, Utilités"
350,"Air de combustion, Chaudière, Utilités"
351,"Récupération de chaleur, Chaudière, Utilités"
352,"Maintenance, Chaudière, Utilités"
353,"Fumées, Chaudière, Utilités"
354,"Air de combustion, Chaudière, Utilités"
355,"Brûleur, Chaudière, Utilités"
356,"Brûleur, Chaudière, Utilités"
357,"Air de combustion, Chaudière, Utilités"
358,"Brûleur, Chaudière, Utilités"
359,"Gestion et pilotage, Chaudière, Utilités"
360,"Brûleur, Fours, combustion, Procédés"
361,"Four, Fours, combustion, Procédés"
364,"Maintenance, Chaudière, Utilités"
365,"Purgeur, Vapeur, Utilités"
366,"Réseau, Vapeur, Utilités"
367,"Réseau, Vapeur, Utilités"
368,"Production, Eau Chaude Sanitaire, Eau"
370,"Chauffage, CVC, Bâtiment"
371,"Chauffage, CVC, Bâtiment"
373,"Gestion et pilotage, Bâtiment"
374,"Chauffage, CVC, Bâtiment"
376,"Réseau, Eau Chaude Sanitaire, Eau"
377,"Climatisation, CVC, Bâtiment"
378,"Climatisation, CVC, Bâtiment"
379,"Ventilation, CVC, Bâtiment"
380,"Ventilation, CVC, Bâtiment"
381,"Ventilation, CVC, Bâtiment"
382,"Ventilation, CVC, Bâtiment"
384,"Chauffage, CVC, Bâtiment"
385,"Micro/mini-cogénération, Cogénération"
386,"Chauffage, CVC, Bâtiment"
388,"Ventilation, CVC, Bâtiment"
389,"Condenseur, Froid, Utilités"
390,"Ventilation, CVC, Bâtiment"
391,"Production, Eau Chaude Sanitaire, Eau"
392,"Climatisation, CVC, Bâtiment"
393,"Gestion et pilotage, Eclairage, Bâtiment"
394,"Gestion et pilotage, Eclairage, Bâtiment"
395,"Gestion et pilotage, Eclairage, Bâtiment"
396,"Gestion et pilotage, Eclairage, Bâtiment"
397,"Gestion et pilotage, Eclairage, Bâtiment"
398,"Gestion et pilotage, Eclairage, Bâtiment"
399,"Régulation, Eclairage, Bâtiment"
400,"Luminaire, Eclairage, Bâtiment"
403,"Luminaire, Eclairage, Bâtiment"
404,"Gestion et pilotage, Eclairage, Bâtiment"
405,"Meuble frigorifique, Froid, Utilités"
406,"Luminaire, Eclairage, Bâtiment"
407,"Gestion et pilotage, Eclairage, Bâtiment"
408,"Gestion et pilotage, Eclairage, Bâtiment"
411,"Régulation, Eclairage, Bâtiment"
412,"Régulation, Eclairage, Bâtiment"
414,"Maintenance, Eclairage, Bâtiment"
415,"Maintenance, Eclairage, Bâtiment"
416,"Régulation, Eclairage, Bâtiment"
418,"Luminaire, Eclairage, Bâtiment"
419,"Luminaire, Eclairage, Bâtiment"
420,"Luminaire, Eclairage, Bâtiment"
421,"Régulation, Eclairage, Bâtiment"
422,"Appareils électriques, Bâtiment"
423,"Appareils électriques, Bâtiment"
424,"Transformateur, Distribution électrique, Utilités"
425,"Ventilation, CVC, Bâtiment"
426,"Contrat, Gestion des énergies, Management (ISO 50 001)"
427,"Indicateurs et tableau de bord, Mesure et comptage d’énergie, Management (ISO 50 001)"
428,Management (ISO 50 001)
429,"Stratégie et politique, Organisation, Management (ISO 50 001)"
430,Management (ISO 50 001)
431,"Contrat, Gestion des énergies, Management (ISO 50 001)"
432,"Contrat, Gestion des énergies, Management (ISO 50 001)"
433,"Contrat, Gestion des énergies, Management (ISO 50 001)"
435,"Contrat, Gestion des énergies, Management (ISO 50 001)"
437,"Gestion et pilotage, Fours, combustion, Procédés"
439,"Appareils électriques, Bâtiment"
440,"Indicateurs et tableau de bord, Mesure et comptage d’énergie, Management (ISO 50 001)"
441,"Mesure et comptage d’énergie, Management (ISO 50 001)"
442,Management (ISO 50 001)
443,"Indicateurs et tableau de bord, Mesure et comptage d’énergie, Management (ISO 50 001)"
444,"Indicateurs et tableau de bord, Mesure et comptage d’énergie, Management (ISO 50 001)"
445,"Indicateurs et tableau de bord, Mesure et comptage d’énergie, Management (ISO 50 001)"
446,"Stratégie et politique, Organisation, Management (ISO 50 001)"
447,"Sensibilisation, Organisation, Management (ISO 50 001)"
448,"Maintenance, Organisation, Management (ISO 50 001)"
449,Management (ISO 50 001)
450,"Stratégie et politique, Organisation, Management (ISO 50 001)"
451,"Report modal, Transport, Technologies énergétiques"
452,"Matériel roulant, Transport, Technologies énergétiques"
453,"Gestion et pilotage, Transport, Technologies énergétiques"
454,"Maintenance, Transport, Technologies énergétiques"
455,"Gestion et pilotage, Transport, Technologies énergétiques"
456,"Matériel roulant, Transport, Technologies énergétiques"
457,"Report modal, Transport, Technologies énergétiques"
458,"Report modal, Transport, Technologies énergétiques"
459,"Report modal, Transport, Technologies énergétiques"
460,"Report modal, Transport, Technologies énergétiques"
461,"Matériel roulant, Transport, Technologies énergétiques"
462,"Matériel roulant, Transport, Technologies énergétiques"
463,"Maintenance, Transport, Technologies énergétiques"
464,"Ecoconduite, Transport, Technologies énergétiques"
466,"Covoiturage, Transport, Technologies énergétiques"
468,"Gestion et pilotage, Transport, Technologies énergétiques"
469,"Maintenance, Transport, Technologies énergétiques"
470,"Maintenance, Transport, Technologies énergétiques"
471,"Covoiturage, Transport, Technologies énergétiques"
472,"Gestion et pilotage, Transport, Technologies énergétiques"
473,"Covoiturage, Transport, Technologies énergétiques"
474,"Covoiturage, Transport, Technologies énergétiques"
475,"Matériel roulant, Transport, Technologies énergétiques"
476,"Gestion et pilotage, Transport, Technologies énergétiques"
478,"Covoiturage, Transport, Technologies énergétiques"
479,"Matériel roulant, Transport, Technologies énergétiques"
480,"Matériel roulant, Transport, Technologies énergétiques"
481,"Matériel roulant, Transport, Technologies énergétiques"
482,"Gestion et pilotage, Procédés"
483,"Gestion et pilotage, Procédés"
484,"Maintenance, Procédés"
485,"Récupération de chaleur, Procédés"
486,"Séchage, Procédés"
487,"Gestion et pilotage, Procédés"
488,"Gestion et pilotage, Procédés"
489,"Séchage, Procédés"
490,"Gestion et pilotage, Fours, combustion, Procédés"
491,"Séchage, Procédés"
492,"Récupération de chaleur, Vapeur, Utilités"
494,"Séchage, Procédés"
495,"Séchage, Procédés"
496,"Gestion et pilotage, Fours, combustion, Procédés"
497,"Gestion et pilotage, Fours, combustion, Procédés"
500,"Réseau, Air comprimé, Utilités"
502,"Ajustement production/besoin, Air comprimé, Utilités"
503,"Pompe, Pompe, Utilités"
504,"Régulation, Ventilation, Utilités"
505,"Gestion et pilotage, Ventilation, Utilités"
506,"Réseau, Froid, Utilités"
507,"Régulation, Froid, Utilités"
508,"Ajustement production/besoin, Moteur, Utilités"
509,"Ajustement production/besoin, Moteur, Utilités"
510,"Gestion et pilotage, Pompe, Utilités"
511,"Maintenance, Pompe, Utilités"
512,"Régulation, Pompe, Utilités"
513,"Gestion et pilotage, Ventilation, Utilités"
514,"Gestion et pilotage, Distribution électrique, Utilités"
515,"Gestion et pilotage, Distribution électrique, Utilités"
516,"Transformateur, Distribution électrique, Utilités"
518,"Transformateur, Distribution électrique, Utilités"
529,"Réseau, Eau Chaude Sanitaire, Eau"
530,"Gestion et pilotage, Bâtiment"
531,"Luminaire, Eclairage, Bâtiment"
534,"Gestion et pilotage, Bâtiment"
535,"Gestion et pilotage, Bâtiment"
539,"Production, Eau Chaude Sanitaire, Eau"
543,"Chauffage, CVC, Bâtiment"
544,"Chauffage, CVC, Bâtiment"
545,"Chauffage, CVC, Bâtiment"
546,"Chaudière, Chaudière, Utilités"
547,"Chaudière, Chaudière, Utilités"
548,"Chaudière, Chaudière, Utilités"
550,"Chauffage, CVC, Bâtiment"
551,"Chaudière, Chaudière, Utilités"
552,"Chaudière, Chaudière, Utilités"
553,"Chaudière, Chaudière, Utilités"
554,"Chaudière, Chaudière, Utilités"
556,"Chauffage, CVC, Bâtiment"
557,"Chauffage, CVC, Bâtiment"
558,"Chauffage, CVC, Bâtiment"
561,"Chauffage, CVC, Bâtiment"
562,"Chauffage, CVC, Bâtiment"
567,"Ventilation, CVC, Bâtiment"
568,"Chauffage, CVC, Bâtiment"
569,"Chauffage, CVC, Bâtiment"
570,"Gestion et pilotage, Bâtiment"
572,"Ventilation, CVC, Bâtiment"
573,"Ventilation, CVC, Bâtiment"
575,"Chauffage, CVC, Bâtiment"
578,"Régulation, Pompe, Utilités"
582,"Capteur, Solaire thermique, Nouvelles énergies"
583,"Micro/mini-cogénération, Cogénération"
585,"Production, Eau Chaude Sanitaire, Eau"
586,"Réseau, Eau Chaude Sanitaire, Eau"
697,"Luminaire, Eclairage, Bâtiment"
698,"Gestion et pilotage, Eclairage, Bâtiment"
701,"Luminaire, Eclairage, Bâtiment"
705,"Traitement de l'eau, Chaudière, Utilités"
706,"Maintenance, Chaudière, Utilités"
707,"Bâche alimentaire, Vapeur, Utilités"
708,"Régulation, Fours, combustion, Procédés"
709,"Echangeur thermique, Vapeur, Utilités"
710,"Bâche alimentaire, Vapeur, Utilités"
711,"Récupération de chaleur, Chaudière, Utilités"
712,"Gestion et pilotage, Chaudière, Utilités"
713,"Indicateurs et tableau de bord, Mesure et comptage d’énergie, Management (ISO 50 001)"
714,"Bureautique, Bâtiment"
715,"Bureautique, Bâtiment"
716,"Appareils électriques, Bâtiment"
717,"Régulation, Distribution électrique, Utilités"
718,"Isolation, Enveloppe, Bâtiment"
719,"Régulation, Moteur, Utilités"
720,"Récupération de chaleur, Air comprimé, Utilités"
721,"Transformateur, Distribution électrique, Utilités"
722,"Moteur, Moteur, Utilités"
723,"Régulation, Froid, Utilités"
724,"Régulation, Froid, Utilités"
725,"Brûleur, Fours, combustion, Procédés"
726,"Régulation, Eclairage, Bâtiment"
727,"Gestion et pilotage, Eclairage, Bâtiment"
728,"Régulation, Eclairage, Bâtiment"
729,"Luminaire, Eclairage, Bâtiment"
731,"Transformateur, Distribution électrique, Utilités"
732,"Production, Réseau de chaleur, Technologies énergétiques"
733,"Réseau, Réseau de chaleur, Technologies énergétiques"
734,"Réseau, Réseau de chaleur, Technologies énergétiques"
736,"Production, Eau de procédés, Eau"
737,"Production, Eau de procédés, Eau"
738,"Récupération de chaleur, Froid, Utilités"
739,"Chauffage, CVC, Bâtiment"
742,"Maintenance, Transport, Technologies énergétiques"
743,"Gestion et pilotage, Pompe, Utilités"
744,"Contrat, Gestion des énergies, Management (ISO 50 001)"
745,"Sensibilisation, Organisation, Management (ISO 50 001)"
746,"Gestion et pilotage, Bâtiment"
748,"Appareils électriques, Bâtiment"
749,"Appareils électriques, Bâtiment"
750,"Réseau, Eau Chaude Sanitaire, Eau"
752,"Production, Eau Chaude Sanitaire, Eau"
753,"Maintenance, Eclairage, Bâtiment"
754,"Appareils électriques, Bâtiment"
755,"Appareils électriques, Bâtiment"
756,"Appareils électriques, Bâtiment"
757,"Appareils électriques, Bâtiment"
758,"Appareils électriques, Bâtiment"
759,"Réseau, Eau Chaude Sanitaire, Eau"
760,"Réseau, Eau Chaude Sanitaire, Eau"
761,"Réseau, Eau Chaude Sanitaire, Eau"
763,"Maintenance, Chaudière, Utilités"
765,"Chauffage, CVC, Bâtiment"
766,"Chauffage, CVC, Bâtiment"
767,"Chauffage, CVC, Bâtiment"
768,"Maintenance, Fours, combustion, Procédés"
769,"Séchage, Procédés"
770,"Gestion et pilotage, Procédés"
771,"Récupération de chaleur, Procédés"
772,"Gestion et pilotage, Transport, Technologies énergétiques"
773,"Gestion et pilotage, Fours, combustion, Procédés"
774,"Détendeur, Froid, Utilités"
776,"Gestion et pilotage, Procédés"
777,"Brûleur, Fours, combustion, Procédés"
778,"Compresseur, Air comprimé, Utilités"
779,"Gestion et pilotage, Air comprimé, Utilités"
780,"Récupération de chaleur, Procédés"
781,"Gaz industriel, Procédés"
782,"Gaz industriel, Procédés"
783,"Séchage, Procédés"
784,"Valorisation, Biomasse, Nouvelles énergies"
785,"Gaz industriel, Procédés"
786,"Gaz industriel, Procédés"
787,"Gaz industriel, Procédés"
789,"Maintenance, Moteur, Utilités"
790,"Condenseur, Froid, Utilités"
791,"Régulation, Pompe, Utilités"
793,"Régulation, Froid, Utilités"
794,"Maintenance, Pompe, Utilités"
796,"Gestion et pilotage, Distribution électrique, Utilités"
797,"Contrat, Gestion des énergies, Management (ISO 50 001)"
798,"Récupération de chaleur, Vapeur, Utilités"
799,"Maintenance, Fours, combustion, Procédés"
800,"Récupération de chaleur, Procédés"
801,"Tri, Déchets"
802,"Gestion et pilotage, Procédés"
803,"Gestion et pilotage, Froid, Utilités"
804,"Valorisation, Méthanisation / Biogaz, Nouvelles énergies"
805,"Gestion et pilotage, Transport, Technologies énergétiques"
806,"Matériel roulant, Transport, Technologies énergétiques"
807,"Gestion et pilotage, Transport, Technologies énergétiques"
808,"Vitrage, Enveloppe, Bâtiment"
810,"Production, Eau Chaude Sanitaire, Eau"
812,"Chauffage, CVC, Bâtiment"
813,"Chaudière, Chaudière, Utilités"
814,"Production, Eau Chaude Sanitaire, Eau"
817,"Meuble frigorifique, Froid, Utilités"
818,"Isolation, Enveloppe, Bâtiment"
820,"Chauffage, CVC, Bâtiment"
821,"Chauffage, CVC, Bâtiment"
823,"Chauffage, CVC, Bâtiment"
824,"Chauffage, CVC, Bâtiment"
826,"Evaporateur, Froid, Utilités"
827,"Maintenance, Transport, Technologies énergétiques"
828,"Maintenance, Transport, Technologies énergétiques"
829,"Matériel roulant, Transport, Technologies énergétiques"
831,"Récupération de chaleur, Froid, Utilités"
832,"Chaudière, Chaudière, Utilités"
833,"Chauffage, CVC, Bâtiment"
834,"Régulation, Froid, Utilités"
835,"Régulation, Froid, Utilités"
836,"Isolation, Enveloppe, Bâtiment"
839,"Luminaire, Eclairage, Bâtiment"
840,"Covoiturage, Transport, Technologies énergétiques"
844,"Ventilation, CVC, Bâtiment"
845,"Chauffage, CVC, Bâtiment"
846,"Luminaire, Eclairage, Bâtiment"
847,"Luminaire, Eclairage, Bâtiment"
849,"Gestion et pilotage, Eclairage, Bâtiment"
850,"Gestion et pilotage, Eclairage, Bâtiment"
851,"Luminaire, Eclairage, Bâtiment"
852,"Gestion et pilotage, Eclairage, Bâtiment"
853,"Réseau, Distribution électrique, Utilités"
854,"Gestion et pilotage, Eclairage, Bâtiment"
855,"Régulation, Eclairage, Bâtiment"
856,"Gestion et pilotage, Eclairage, Bâtiment"
857,"Ventilation, CVC, Bâtiment"
858,"Capteur, Solaire photovoltaïque, Nouvelles énergies"
859,"Luminaire, Eclairage, Bâtiment"
861,"Luminaire, Eclairage, Bâtiment"
863,"Luminaire, Eclairage, Bâtiment"
864,"Vanne, Vapeur, Utilités"
865,"Traitement de l'eau, Chaudière, Utilités"
866,"Gestion et pilotage, Froid, Utilités"
867,"Gestion et pilotage, Froid, Utilités"
868,"Réseau, Eau Chaude Sanitaire, Eau"
869,"Réseau, Eau de procédés, Eau"
870,"Gaz industriel, Procédés"
871,"Centrale froid, Froid, Utilités"
872,"Ajustement production/besoin, Moteur, Utilités"
873,"Séchage, Procédés"
874,"Production, Assainissement, Eau"
875,"Brûleur, Fours, combustion, Procédés"
876,"Ajustement production/besoin, Pompe, Utilités"
877,"Maintenance, Fours, combustion, Procédés"
878,"Gestion et pilotage, Chaudière, Utilités"
879,"Gestion et pilotage, Fours, combustion, Procédés"
881,"Brûleur, Fours, combustion, Procédés"
882,"Régulation, Fours, combustion, Procédés"
883,"Récupération de chaleur, Procédés"
884,"Récupération de chaleur, Fours, combustion, Procédés"
885,"Gaz industriel, Procédés"
886,"Gaz industriel, Procédés"
887,"Réseau, Eau de procédés, Eau"
888,"Maintenance, Procédés"
889,"Gestion et pilotage, Procédés"
890,"Ajustement production/besoin, Froid, Utilités"
891,"Réseau, Ventilation, Utilités"
892,"Réseau, Distribution électrique, Utilités"
893,"Sensibilisation, Organisation, Management (ISO 50 001)"
894,"Régulation, Chaudière, Utilités"
896,"Gestion et pilotage, Bâtiment"
897,"Isolation, Enveloppe, Bâtiment"
898,"Gazéification, Nouvelles énergies"
899,"Biocarburant, Biocarburants, Nouvelles énergies"
900,"Matériel roulant, Transport, Technologies énergétiques"
901,Management (ISO 50 001)
902,"Réseau, Froid, Utilités"
903,"Gestion et pilotage, Fours, combustion, Procédés"
904,"Production, Eau Chaude Sanitaire, Eau"
905,"Réseau, Eau Chaude Sanitaire, Eau"
906,"Climatisation, CVC, Bâtiment"
907,"Gestion et pilotage, Bâtiment"
909,"Production, Eau Chaude Sanitaire, Eau"
910,"Régulation, Eclairage, Bâtiment"
912,"Régulation, Eclairage, Bâtiment"
913,"Production, Eolien, Nouvelles énergies"
914,"Capteur, Solaire photovoltaïque, Nouvelles énergies"
915,"Chauffage, CVC, Bâtiment"
916,"Hydrogène / Pile à combustible, Nouvelles énergies"
917,"Chauffage, Presse, Procédés"
918,"Refroidissement, Presse, Procédés"
919,"Circuit de puissance, Presse, Procédés"
920,"Récupération de chaleur, Fours, combustion, Procédés"
921,Management (ISO 50 001)
922,"Récupération de chaleur, Froid, Utilités"
923,"Récupération de chaleur, Froid, Utilités"
924,"Régulation, Chaudière, Utilités"
925,"Régulation, Pompe, Utilités"
926,"Soufflette, Air comprimé, Utilités"
928,"Climatisation, CVC, Bâtiment"
929,"Réseau, Air comprimé, Utilités"
930,"Séchage, Procédés"
931,"Four, Fours, combustion, Procédés"
932,"Sensibilisation, Organisation, Management (ISO 50 001)"
933,"Production, Eau Chaude Sanitaire, Eau"
935,"Brûleur, Fours, combustion, Procédés"
936,"Four, Fours, combustion, Procédés"
937,"Récupération de chaleur, Air comprimé, Utilités"
938,"Ajustement production/besoin, Air comprimé, Utilités"
940,"Gestion et pilotage, Presse, Procédés"
941,"Gestion et pilotage, Presse, Procédés"
942,"Chauffage, Presse, Procédés"
943,"Stratégie et politique, Organisation, Management (ISO 50 001)"
944,"Contrat, Gestion des énergies, Management (ISO 50 001)"
945,"Ajustement production/besoin, Pompe, Utilités"
946,"Gestion et pilotage, Bâtiment"
947,"Refroidissement, Presse, Procédés"
948,"Circuit de puissance, Presse, Procédés"
949,"Gestion et pilotage, Bâtiment"
950,Management (ISO 50 001)
951,"Mesure et comptage d’énergie, Management (ISO 50 001)"
954,"Réseau, Air comprimé, Utilités"
955,"Mesure et comptage d’énergie, Management (ISO 50 001)"
956,"Indicateurs et tableau de bord, Mesure et comptage d’énergie, Management (ISO 50 001)"
958,"Gestion et pilotage, Presse, Procédés"
959,"Maintenance, Presse, Procédés"
960,"Contrat, Gestion des énergies, Management (ISO 50 001)"
961,"Chauffage, CVC, Bâtiment"
962,"Chaudière, Chaudière, Utilités"
963,"Régulation, Chaudière, Utilités"
965,"Gestion et pilotage, Vapeur, Utilités"
966,"Chauffage, CVC, Bâtiment"
967,"Production, Eau de procédés, Eau"
968,"Production, Eau Chaude Sanitaire, Eau"
969,"Meuble frigorifique, Froid, Utilités"
970,Management (ISO 50 001)
971,"Compresseur, Air comprimé, Utilités"
974,Management (ISO 50 001)
975,"Report modal, Transport, Technologies énergétiques"
976,"Report modal, Transport, Technologies énergétiques"
977,"Matériel roulant, Transport, Technologies énergétiques"
978,"Chauffage, CVC, Bâtiment"
979,"Récupération de chaleur, Chaudière, Utilités"
980,"Régulation, Eclairage, Bâtiment"
981,Management (ISO 50 001)
983,"Gestion et pilotage, Eclairage, Bâtiment"
984,"Matériel roulant, Transport, Technologies énergétiques"
985,"Gestion et pilotage, Transport, Technologies énergétiques"
986,"Géothermie, Nouvelles énergies"
987,"Production, Eolien, Nouvelles énergies"
989,"Réseau, Eau de procédés, Eau"
990,"Tri, Déchets"
991,"Valorisation, Déchets"
992,"Tri, Déchets"
993,"Tri, Déchets"
994,"Gestion et pilotage, Transport, Technologies énergétiques"
995,"Valorisation, Déchets"
996,"Tri, Déchets"
997,"Tri, Déchets"
998,"Valorisation, Déchets"
1000,"Régulation, Eclairage, Bâtiment"
1001,"Soufflette, Air comprimé, Utilités"
1002,"Gestion et pilotage, Froid, Utilités"
1003,"Chaudière, Chaudière, Utilités"
1004,"Vanne, Vapeur, Utilités"
1005,"Séchage, Procédés"
1006,"Séchage, Procédés"
1007,"Séchage, Procédés"
1008,"Vanne, Vapeur, Utilités"
1009,"Stockage, Froid, Utilités"
1010,"Régulation, Fours, combustion, Procédés"
1011,"Production, Assainissement, Eau"
1012,"Valorisation, Déchets"
1013,"Four, Fours, combustion, Procédés"
1014,"Régulation, Ventilation, Utilités"
1016,"Récupération de chaleur, Chaudière, Utilités"
1017,"Récupération de chaleur, Procédés"
1018,"Gestion et pilotage, Fours, combustion, Procédés"
1019,"Four, Fours, combustion, Procédés"
1020,"Brûleur, Fours, combustion, Procédés"
1021,"Gestion et pilotage, Ventilation, Utilités"
1022,"Chaudière, Chaudière, Utilités"
1023,"Valorisation, Déchets"
1024,"Réseau, Eau de procédés, Eau"
1025,"Séchage, Procédés"
1026,"Gestion et pilotage, Transport, Technologies énergétiques"
1027,"Gaz industriel, Procédés"
1028,"Gaz industriel, Procédés"
1029,"Maintenance, Procédés"
1030,"Gaz industriel, Procédés"
1031,"Réseau, Vapeur, Utilités"
1032,"Cogénération grande taille, Cogénération"
1033,"Réseau, Eau Chaude Sanitaire, Eau"
1034,"Régulation, Chaudière, Utilités"
1035,"Gestion et pilotage, Fours, combustion, Procédés"
1036,"Récupération de chaleur, Procédés"
1037,"Récupération de chaleur, Froid, Utilités"
1039,"Cogénération grande taille, Cogénération"
1041,"Maintenance, Chaudière, Utilités"
1042,"Cogénération grande taille, Cogénération"
1043,"Réseau, Vapeur, Utilités"
1044,"Gestion et pilotage, Distribution électrique, Utilités"
1045,"Bureautique, Bâtiment"
1046,"Régulation, Distribution électrique, Utilités"
1047,"Récupération de chaleur, Ventilation, Utilités"
1048,"Centrale froid, Froid, Utilités"
1049,"Régulation, Froid, Utilités"
1050,"Maintenance, Ventilation, Utilités"
1051,"Ajustement production/besoin, Ventilation, Utilités"
1052,"Climatisation, CVC, Bâtiment"
1053,"Gestion et pilotage, Froid, Utilités"
1054,"Valorisation, Déchets"
1055,"Gestion et pilotage, Procédés"
1056,"Ajustement production/besoin, Air comprimé, Utilités"
1057,"Régulation, Air comprimé, Utilités"
1058,"Traitement de l'air, Air comprimé, Utilités"
1060,"Ajustement production/besoin, Pompe, Utilités"
1061,"Régulation, Air comprimé, Utilités"
1062,"Chauffage, CVC, Bâtiment"
1064,"Gestion et pilotage, Chaudière, Utilités"
1065,"Réseau, Vapeur, Utilités"
1067,"Etanchéité et infiltrations, Enveloppe, Bâtiment"
1068,"Bureautique, Bâtiment"
1070,"Moteur, Moteur, Utilités"
1071,"Maintenance, Bâtiment"
1072,"Gaz industriel, Procédés"
1073,"Réseau, Eau de procédés, Eau"
1074,"Isolation, Enveloppe, Bâtiment"
1075,"Chauffage, CVC, Bâtiment"
1076,"Condenseur, Froid, Utilités"
1077,"Micro/mini-cogénération, Cogénération"
1078,Management (ISO 50 001)
1080,"Chauffage, CVC, Bâtiment"
1081,"Ventilation, CVC, Bâtiment"
1082,"Chaudière, Chaudière, Utilités"
1083,"Ajustement production/besoin, Réseau de chaleur, Technologies énergétiques"
1085,"Production, Eau de procédés, Eau"
1087,"Traitement de l'eau, Chaudière, Utilités"
1088,"Traitement de l'eau, Chaudière, Utilités"
1090,"Hydrogène / Pile à combustible, Nouvelles énergies"
1091,"Gestion et pilotage, Fours, combustion, Procédés"
1092,"Compresseur, Air comprimé, Utilités"
1093,"Condenseur, Froid, Utilités"
1094,"Torchage, Procédés"
1095,"Centrale froid, Froid, Utilités"
1096,"Gestion et pilotage, Ventilation, Utilités"
1097,"Echangeur thermique, Vapeur, Utilités"
1098,"Indicateurs et tableau de bord, Mesure et comptage d’énergie, Management (ISO 50 001)"
1099,"Isolation, Enveloppe, Bâtiment"
1100,"Chauffage, CVC, Bâtiment"
1101,"Circuit de puissance, Presse, Procédés"
1102,"Gestion et pilotage, Chaudière, Utilités"
1103,"Gestion et pilotage, Presse, Procédés"
1104,"Circuit de puissance, Presse, Procédés"
1105,"Chaudière, Chaudière, Utilités"
1107,"Isolation, Enveloppe, Bâtiment"
1108,"Ventilation, CVC, Bâtiment"
1109,"Production, Eau Chaude Sanitaire, Eau"
1110,"Luminaire, Eclairage, Bâtiment"
1111,"Luminaire, Eclairage, Bâtiment"
1112,"Chauffage, CVC, Bâtiment"
1113,"Chauffage, CVC, Bâtiment"
1114,"Régulation, Froid, Utilités"
1116,"Traitement de l'air, Air comprimé, Utilités"
1117,"Moteur, Moteur, Utilités"
1118,"Régulation, Air comprimé, Utilités"
1119,"Production, Réseau de chaleur, Technologies énergétiques"
1120,"Réseau, Réseau de chaleur, Technologies énergétiques"
1121,"Gestion et pilotage, Eclairage, Bâtiment"
1123,"Report modal, Transport, Technologies énergétiques"
1124,"Matériel roulant, Transport, Technologies énergétiques"
1125,"Gestion et pilotage, Transport, Technologies énergétiques"
1126,"Gestion et pilotage, Transport, Technologies énergétiques"
1128,"Chauffage, CVC, Bâtiment"
1129,"Centrale froid, Froid, Utilités"
1130,"Chauffage, CVC, Bâtiment"
1131,"Chauffage, CVC, Bâtiment"
1132,"Chauffage, CVC, Bâtiment"
1133,"Chauffage, CVC, Bâtiment"
1134,"Luminaire, Eclairage, Bâtiment"
1135,"Réseau, Air comprimé, Utilités"
1136,"Gestion et pilotage, Peinture, Procédés"
1137,"Cabine de peinture, Peinture, Procédés"
1138,"Gestion et pilotage, Peinture, Procédés"
1139,"Récupération de chaleur, Peinture, Procédés"
1140,"Gestion et pilotage, Presse, Procédés"
1141,"Gestion et pilotage, Procédés"
1142,"Circuit de puissance, Presse, Procédés"
1143,"Ajustement production/besoin, Ventilation, Utilités"
1144,"Circuit de puissance, Presse, Procédés"
1445,"Régulation, Froid, Utilités"
1446,"Capteur, Solaire photovoltaïque, Nouvelles énergies"
1447,"Capteur, Solaire photovoltaïque, Nouvelles énergies"
1448,"Capteur, Solaire photovoltaïque, Nouvelles énergies"
1449,"Capteur, Solaire photovoltaïque, Nouvelles énergies"
1450,"Capteur, Solaire photovoltaïque, Nouvelles énergies"
1451,"Capteur, Solaire photovoltaïque, Nouvelles énergies"
1452,"Capteur, Solaire photovoltaïque, Nouvelles énergies"
1453,"Capteur, Solaire photovoltaïque, Nouvelles énergies"
1454,"Capteur, Solaire photovoltaïque, Nouvelles énergies"
1455,"Capteur, Solaire photovoltaïque, Nouvelles énergies"
1456,"Capteur, Solaire photovoltaïque, Nouvelles énergies"
1457,"Capteur, Solaire photovoltaïque, Nouvelles énergies"
1458,"Production, Eolien, Nouvelles énergies"
1459,"Production, Eolien, Nouvelles énergies"
1460,"Production, Eolien, Nouvelles énergies"
1461,"Production, Eolien, Nouvelles énergies"
1462,"Micro/mini-cogénération, Cogénération"
1463,"Micro/mini-cogénération, Cogénération"
1464,"Valorisation, Méthanisation / Biogaz, Nouvelles énergies"
1465,"Valorisation, Méthanisation / Biogaz, Nouvelles énergies"
1466,"Valorisation, Méthanisation / Biogaz, Nouvelles énergies"
1467,"Valorisation, Méthanisation / Biogaz, Nouvelles énergies"
1468,"Tri, Déchets"
1469,"Tri, Déchets"
1470,"Tri, Déchets"
1471,"Tri, Déchets"
1472,"Tri, Déchets"
1473,"Valorisation, Déchets"
1474,"Valorisation, Déchets"
1475,"Valorisation, Déchets"
1476,"Production, Eau de procédés, Eau"
1477,"Production, Eau de procédés, Eau"
1478,"Réseau, Eau de procédés, Eau"
1479,"Production, Eau de procédés, Eau"
1480,"Four, Fours, combustion, Procédés"
1481,"Séchage, Procédés"
1482,"Récupération de chaleur, Procédés"
1483,"Stockage d'énergie, Technologies énergétiques"
1484,"Audit énergétique, Management (ISO 50 001)"
1485,"Gestion et pilotage, Fours, combustion, Procédés"
1486,"Chauffage, CVC, Bâtiment"
1487,"Four, Fours, combustion, Procédés"
1488,"Gestion et pilotage, Peinture, Procédés"
1489,"Chauffage, CVC, Bâtiment"
1490,"Gestion et pilotage, Ventilation, Utilités"
1491,"Moteur, Moteur, Utilités"
1492,"Gestion et pilotage, Presse, Procédés"
1493,"Gestion et pilotage, Distribution électrique, Utilités"
1494,"Gestion et pilotage, Transport, Technologies énergétiques"
1495,"Ecoconduite, Transport, Technologies énergétiques"
1496,"Ecoconduite, Transport, Technologies énergétiques"
1497,"Stratégie et politique, Organisation, Management (ISO 50 001)"
1498,"Chauffage, CVC, Bâtiment"
1499,"Récupération de chaleur, CVC, Bâtiment"
1500,"Climatisation, CVC, Bâtiment"
1501,"Luminaire, Eclairage, Bâtiment"
1502,"Production, Eau Chaude Sanitaire, Eau"
1503,"Bureautique, Bâtiment"
1504,"Climatisation, CVC, Bâtiment"
1505,"Récupération de chaleur, Chaudière, Utilités"
1506,"Circuit de puissance, Presse, Procédés"
1507,"Moteur, Moteur, Utilités"
1508,"Ecoconduite, Transport, Technologies énergétiques"
1509,"Traitement, Déchets"
1510,"Traitement, Déchets"
1511,"Traitement, Déchets"
1522,"Récupération de chaleur, Procédés"
1534,"Extracteur d'air, Ventilation de refroidissement"
1554,"Vitrage, Enveloppe, Bâtiment"
1555,"Vitrage, Enveloppe, Bâtiment"
1556,"Vitrage, Enveloppe, Bâtiment"
1557,"Vitrage, Enveloppe, Bâtiment"
1558,"Vitrage, Enveloppe, Bâtiment"
1559,"Gestion et pilotage, Transport, Technologies énergétiques"
1560,"Report modal, Transport, Technologies énergétiques"
1561,"Matériel roulant, Transport, Technologies énergétiques"
1568,"Dryération, Séchage silo"
1571,"Isolation, Enveloppe, Bâtiment"
1572,"Isolation, Enveloppe, Bâtiment"
1573,"Etanchéité et infiltrations, Enveloppe, Bâtiment"
1574,"Isolation, Enveloppe, Bâtiment"
1575,"Isolation, Enveloppe, Bâtiment"
1576,"Pilotage, Séchage silo"
1577,"Ventilateur de refroidissement, Ventilation de refroidissement"
1578,"Ventilation multi-cellules, Ventilation de refroidissement"
1579,"Pilotage, Séchage silo"
1580,"Suivi des performances, Séchage silo"
1581,"Colonne sécheuse, Séchage silo"
1582,"Pilotage, Séchage silo"
1583,"Colonne sécheuse, Séchage silo"
1586,"Séchage, Procédés"
1587,"Récupérateur de chaleur, Séchage silo"
1588,"Suivi des performances, Ventilation de refroidissement"
1589,"Ventilateur séchoir, Séchage silo"
1590,"Ventilateur séchoir, Séchage silo"
1591,"Brûleur, Séchage silo"
1593,"Ventilateur de refroidissement, Ventilation de refroidissement"
1594,"Sous-compteur gaz, Séchage silo"
1595,"Fosse de réception, Manutention"
1596,"Cyclone, Aspiration et Dépoussiérage"
1597,"Transporteur à bande, Manutention"
1598,"Chaudière, Séchage silo"
1599,"Energie Thermique des Mers - ETM, Energies marines renouvelables, Nouvelles énergies"
1600,"Energie Thermique des Mers - ETM, Energies marines renouvelables, Nouvelles énergies"
1601,"Energie Thermique des Mers - ETM, Energies marines renouvelables, Nouvelles énergies"
1602,"Eolien offshore, Energies marines renouvelables, Nouvelles énergies"
1603,"Eolien offshore, Energies marines renouvelables, Nouvelles énergies"
1604,"Hydroliennes, Energies marines renouvelables, Nouvelles énergies"
1605,"Hydroliennes, Energies marines renouvelables, Nouvelles énergies"
1606,"Energie houlomotrice, Energies marines renouvelables, Nouvelles énergies"
1607,"Energie houlomotrice, Energies marines renouvelables, Nouvelles énergies"
1608,"Energie houlomotrice, Energies marines renouvelables, Nouvelles énergies"
1609,"Energie houlomotrice, Energies marines renouvelables, Nouvelles énergies"
1610,"Energie houlomotrice, Energies marines renouvelables, Nouvelles énergies"
1611,"Energie marémotrice, Energies marines renouvelables, Nouvelles énergies"
1612,"Energie marémotrice, Energies marines renouvelables, Nouvelles énergies"
1613,"Climatisation à l'Eau Naturellement Froide (SWAC), Energies marines renouvelables, Nouvelles énergies"
1614,"Climatisation à l'Eau Naturellement Froide (SWAC), Energies marines renouvelables, Nouvelles énergies"
1615,"Maintenance, Utilités"
1616,"Stockage, Froid, Utilités"
1617,"Stockage, Froid, Utilités"
1618,"Stockage, Froid, Utilités"
1619,"Machines frigorifiques, Utilités"
1620,"Chambre froide, Froid, Utilités"
1621,"Machines frigorifiques, Utilités"
1622,"Machines frigorifiques, Utilités"
1623,"Chauffage, CVC, Bâtiment"
1624,"Chauffage, CVC, Bâtiment"
1627,"Climatisation, CVC, Bâtiment"
1628,"Ventilation, CVC, Bâtiment"
1629,"Isolation, Enveloppe, Bâtiment"
1630,"Récupération de chaleur, Froid, Utilités"
1631,"Appareils électriques, Bâtiment"
1632,"Capteur, Solaire thermique, Nouvelles énergies"
1633,"Chauffage, CVC, Bâtiment"
1634,"Chauffage, CVC, Bâtiment"
1635,"Production, Eau Chaude Sanitaire, Eau"
1636,"Production, Eau Chaude Sanitaire, Eau"
1637,"Ajustement production/besoin, Réseau de chaleur, Technologies énergétiques"
1638,"Production, Réseau de chaleur, Technologies énergétiques"
1639,"Ajustement production/besoin, Réseau de chaleur, Technologies énergétiques"
1640,"Production, Réseau de chaleur, Technologies énergétiques"
1641,"Ajustement production/besoin, Réseau de chaleur, Technologies énergétiques"
1642,"Ajustement production/besoin, Réseau de chaleur, Technologies énergétiques"
1643,"Biomasse, Nouvelles énergies"
1644,"Production, Réseau de chaleur, Technologies énergétiques"
1645,"Production, Réseau de chaleur, Technologies énergétiques"
1646,"Chaudière, Vapeur, Utilités"
1647,"Réseau aéraulique, Ventilation de refroidissement"
1648,"Réseau aéraulique, Ventilation de refroidissement"
1649,"Réseau aéraulique, Ventilation de refroidissement"
1650,"Ventilateur de refroidissement, Ventilation de refroidissement"
1651,"Groupe froid, Ventilation de refroidissement"
1653,"Ventilateur de refroidissement, Ventilation de refroidissement"
1654,"Silencieux, Ventilation de refroidissement"
1655,"Ventilateur de refroidissement, Ventilation de refroidissement"
1656,"Suivi des performances, Ventilation de refroidissement"
1657,"Pilotage, Séchage silo"
1658,"Tri, Déchets"
1661,"Contrat, Gestion des énergies, Management (ISO 50 001)"
1664,"Stockage de déchets, Déchets"
1665,"Contrat, Gestion des énergies, Management (ISO 50 001)"
1666,"Stockage de déchets, Déchets"
1667,"Stockage de déchets, Déchets"
1668,"Tri, Déchets"
1669,"Tri, Déchets"
1670,"Stockage de déchets, Déchets"
1671,"Stockage de déchets, Déchets"
1672,"Stockage de déchets, Déchets"
1673,"Stockage de déchets, Déchets"
1674,"Valorisation, Déchets"
1675,"Tri, Déchets"
1677,"Stockage de déchets, Déchets"
1678,"Valorisation, Déchets"
1679,"Valorisation, Déchets"
1680,"Valorisation, Déchets"
1681,"Valorisation, Déchets"
1682,"Réseau, Eau"
1683,"Eau Chaude Sanitaire, Eau"
1684,"Réseau, Eau"
1685,"Eau de procédés, Eau"
1686,"Assainissement, Eau"
1687,"Chauffage, CVC, Bâtiment"
1688,"Gestion et pilotage, Air comprimé, Utilités"
1689,"Stockage de déchets, Déchets"
1690,"Valorisation, Déchets"
1691,"Tri, Déchets"
1692,"Recyclage, Déchets"
1693,"Maintenance, Froid, Utilités"
1694,"Gestion et pilotage, Transport, Technologies énergétiques"
1695,"Gestion et pilotage, Utilités"
1697,"Stockage de déchets, Déchets"
1698,"Traitement, Déchets"
1699,"Stockage de déchets, Déchets"
1700,"Valorisation, Déchets"
1701,"Contrat, Gestion des énergies, Management (ISO 50 001)"
1702,"Gestion et pilotage, Utilités"
1703,"Chauffage, CVC, Bâtiment"
1704,"Matériel roulant, Transport, Technologies énergétiques"
1705,"Gestion et pilotage, Transport, Technologies énergétiques"
1706,"Chauffage, CVC, Bâtiment"
1707,"Chauffage, CVC, Bâtiment"
1708,"Bureautique, Bâtiment"
1709,"Capture, Capture et stockage du CO2, Technologies énergétiques"
1710,"Valorisation, Déchets"
1711,"Capteur, Solaire photovoltaïque, Nouvelles énergies"
1712,"Etanchéité et infiltrations, Enveloppe, Bâtiment"
1713,"Vitrage, Enveloppe, Bâtiment"
1714,"Production, Eau"
